seq,ts_ms,utc_ts,utc_time,state,temp1_C,press1_hPa,hum_pct,alt_baro_m,temp2_C,press2_hPa,lat,lon,alt_gps_m,speed_ms,heading_deg,gps_sats,gps_fix,m4_errors,m7_errors,nicla_ble_ok,alt_baro_corrected_m,alt_above_ground_baro_m,alt_above_ground_gps_m,gps_baro_diff_m,elapsed_s,p0_used_hPa,gps_ground_ref_m,gps_valid
24,48112,0,--:--:--,PAD,10.68,943.86,31.13,606.6,0.00,0.00,0.000000,0.000000,0.0,0.00,0.0,0,0,0,0,0,82.64,32.44,,,0.00,953.16,50.2,0
25,49112,0,--:--:--,PAD,10.70,943.91,31.14,606.2,0.00,0.00,0.000000,0.000000,0.0,0.00,0.0,0,0,0,0,0,82.19,31.99,,,1.00,953.16,50.2,0
26,50112,0,--:--:--,PAD,10.71,943.93,31.14,606.0,0.00,0.00,0.000000,0.000000,0.0,0.00,0.0,0,0,0,0,0,82.01,31.81,,,2.00,953.16,50.2,0
27,51658,0,--:--:--,PAD,10.72,944.03,31.13,605.1,0.00,0.00,0.000000,0.000000,0.0,0.00,0.0,0,0,0,0,0,81.12,30.92,,,3.55,953.16,50.2,0
28,52658,0,--:--:--,PAD,10.74,944.07,31.13,604.8,0.00,0.00,0.000000,0.000000,0.0,0.00,0.0,0,0,0,0,0,80.76,30.56,,,4.55,953.16,50.2,0
29,53660,0,--:--:--,PAD,10.75,944.13,31.14,604.3,0.00,0.00,0.000000,0.000000,0.0,0.00,0.0,0,0,0,0,0,80.23,30.03,,,5.55,953.16,50.2,0
30,54663,0,--:--:--,PAD,10.77,944.17,31.14,603.9,0.00,0.00,0.000000,0.000000,0.0,0.00,0.0,0,0,0,0,0,79.87,29.67,,,6.55,953.16,50.2,0
31,57533,0,--:--:--,PAD,10.79,944.27,31.15,603.0,0.00,0.00,0.000000,0.000000,0.0,0.00,0.0,0,0,0,0,0,78.98,28.78,,,9.42,953.16,50.2,0
32,58535,0,--:--:--,PAD,10.81,944.31,31.15,602.7,0.00,0.00,0.000000,0.000000,0.0,0.00,0.0,0,0,0,0,0,78.62,28.42,,,10.42,953.16,50.2,0
33,59535,0,--:--:--,PAD,10.82,944.35,31.15,602.3,0.00,0.00,0.000000,0.000000,0.0,0.00,0.0,0,0,0,0,0,78.27,28.07,,,11.42,953.16,50.2,0
34,60535,0,--:--:--,PAD,10.83,944.41,31.16,601.8,0.00,0.00,0.000000,0.000000,0.0,0.00,0.0,0,0,0,0,0,77.73,27.53,,,12.42,953.16,50.2,0
35,62556,0,--:--:--,PAD,10.85,944.46,31.16,601.4,0.00,0.00,0.000000,0.000000,0.0,0.00,0.0,0,0,0,0,0,77.29,27.09,,,14.44,953.16,50.2,0
36,63556,0,--:--:--,PAD,10.87,944.52,31.17,600.8,0.00,0.00,0.000000,0.000000,0.0,0.00,0.0,0,0,0,0,0,76.75,26.55,,,15.44,953.16,50.2,0
37,64556,0,--:--:--,PAD,10.88,944.54,31.17,600.7,0.00,0.00,0.000000,0.000000,0.0,0.00,0.0,0,0,0,0,0,76.57,26.37,,,16.44,953.16,50.2,0
38,65556,0,--:--:--,PAD,10.89,944.62,31.17,600.0,0.00,0.00,0.000000,0.000000,0.0,0.00,0.0,0,0,0,0,0,75.86,25.66,,,17.44,953.16,50.2,0
39,68158,0,--:--:--,PAD,10.92,944.74,31.18,598.9,0.00,0.00,0.000000,0.000000,0.0,0.00,0.0,0,0,0,0,0,74.79,24.59,,,20.05,953.16,50.2,0
40,69158,0,--:--:--,PAD,10.93,944.76,31.18,598.7,0.00,0.00,0.000000,0.000000,0.0,0.00,0.0,0,0,0,0,0,74.61,24.41,,,21.05,953.16,50.2,0
41,70158,0,--:--:--,PAD,10.94,944.82,31.18,598.2,0.00,0.00,0.000000,0.000000,0.0,0.00,0.0,0,0,0,0,0,74.08,23.88,,,22.05,953.16,50.2,0
42,71942,0,--:--:--,PAD,10.96,944.90,31.18,597.5,0.00,0.00,0.000000,0.000000,0.0,0.00,0.0,0,0,0,0,0,73.36,23.16,,,23.83,953.16,50.2,0
43,72947,0,--:--:--,PAD,10.98,944.95,31.18,597.1,0.00,0.00,0.000000,0.000000,0.0,0.00,0.0,0,0,0,0,0,72.92,22.72,,,24.84,953.16,50.2,0
44,73958,0,--:--:--,PAD,10.98,944.97,31.19,596.9,0.00,0.00,0.000000,0.000000,0.0,0.00,0.0,0,0,0,0,0,72.74,22.54,,,25.85,953.16,50.2,0
45,74958,0,--:--:--,PAD,11.00,945.03,31.19,596.4,0.00,0.00,0.000000,0.000000,0.0,0.00,0.0,0,0,0,0,0,72.20,22.00,,,26.85,953.16,50.2,0
46,77823,0,--:--:--,PAD,11.03,945.13,31.20,595.5,0.00,0.00,0.000000,0.000000,0.0,0.00,0.0,0,0,0,0,0,71.31,21.11,,,29.71,953.16,50.2,0
47,78823,0,--:--:--,PAD,11.04,945.19,31.20,595.0,0.00,0.00,0.000000,0.000000,0.0,0.00,0.0,0,0,0,0,0,70.78,20.58,,,30.71,953.16,50.2,0
48,79823,0,--:--:--,PAD,11.05,945.21,31.19,594.8,0.00,0.00,0.000000,0.000000,0.0,0.00,0.0,0,0,0,0,0,70.60,20.40,,,31.71,953.16,50.2,0
49,80823,0,--:--:--,PAD,11.06,945.25,31.20,594.4,0.00,0.00,0.000000,0.000000,0.0,0.00,0.0,0,0,0,0,0,70.24,20.04,,,32.71,953.16,50.2,0
50,82837,0,--:--:--,PAD,11.08,945.33,31.22,593.7,0.00,0.00,0.000000,0.000000,0.0,0.00,0.0,0,0,0,0,0,69.53,19.33,,,34.73,953.16,50.2,0
51,83837,0,--:--:--,PAD,11.09,945.35,31.21,593.6,0.00,0.00,0.000000,0.000000,0.0,0.00,0.0,0,0,0,0,0,69.35,19.15,,,35.73,953.16,50.2,0
52,84837,0,--:--:--,PAD,11.10,945.39,31.21,593.2,0.00,0.00,0.000000,0.000000,0.0,0.00,0.0,0,0,0,0,0,69.00,18.80,,,36.73,953.16,50.2,0
53,85837,0,--:--:--,PAD,11.11,945.43,31.22,592.9,0.00,0.00,0.000000,0.000000,0.0,0.00,0.0,0,0,0,0,0,68.64,18.44,,,37.73,953.16,50.2,0
54,87675,0,--:--:--,PAD,11.12,945.46,31.22,592.6,0.00,0.00,0.000000,0.000000,0.0,0.00,0.0,0,0,0,0,0,68.37,18.17,,,39.56,953.16,50.2,0
55,88675,0,--:--:--,PAD,11.13,945.50,31.22,592.2,0.00,0.00,0.000000,0.000000,0.0,0.00,0.0,0,0,0,0,0,68.02,17.82,,,40.56,953.16,50.2,0
56,89675,0,--:--:--,PAD,11.14,945.52,31.22,592.1,0.00,0.00,0.000000,0.000000,0.0,0.00,0.0,0,0,0,0,0,67.84,17.64,,,41.56,953.16,50.2,0
57,90675,0,--:--:--,PAD,11.15,945.56,31.22,591.7,0.00,0.00,0.000000,0.000000,0.0,0.00,0.0,0,0,0,0,0,67.48,17.28,,,42.56,953.16,50.2,0
58,93250,0,--:--:--,PAD,11.17,945.64,31.24,591.0,0.00,0.00,0.000000,0.000000,0.0,0.00,0.0,0,0,0,0,0,66.77,16.57,,,45.14,953.16,50.2,0
59,94250,0,--:--:--,PAD,11.18,945.66,31.23,590.8,0.00,0.00,0.000000,0.000000,0.0,0.00,0.0,0,0,0,0,0,66.59,16.39,,,46.14,953.16,50.2,0
60,95250,0,--:--:--,PAD,11.19,945.70,31.23,590.5,0.00,0.00,0.000000,0.000000,0.0,0.00,0.0,0,0,0,0,0,66.24,16.04,,,47.14,953.16,50.2,0
61,96250,0,--:--:--,PAD,11.19,945.72,31.24,590.3,0.00,0.00,0.000000,0.000000,0.0,0.00,0.0,0,0,0,0,0,66.06,15.86,,,48.14,953.16,50.2,0
62,98314,0,--:--:--,PAD,11.21,945.80,31.24,589.6,0.00,0.00,0.000000,0.000000,0.0,0.00,0.0,0,0,0,0,0,65.34,15.14,,,50.20,953.16,50.2,0
63,99314,0,--:--:--,PAD,11.22,945.84,31.24,589.3,0.00,0.00,0.000000,0.000000,0.0,0.00,0.0,0,0,0,0,0,64.99,14.79,,,51.20,953.16,50.2,0
64,100314,0,--:--:--,PAD,11.23,945.84,31.24,589.3,0.00,0.00,0.000000,0.000000,0.0,0.00,0.0,0,0,0,0,0,64.99,14.79,,,52.20,953.16,50.2,0
65,101314,0,--:--:--,PAD,11.23,945.86,31.24,589.1,0.00,0.00,0.000000,0.000000,0.0,0.00,0.0,0,0,0,0,0,64.81,14.61,,,53.20,953.16,50.2,0
66,103137,0,--:--:--,PAD,11.25,945.92,31.26,588.6,0.00,0.00,0.000000,0.000000,0.0,0.00,0.0,0,0,0,0,0,64.28,14.08,,,55.02,953.16,50.2,0
67,104137,0,--:--:--,PAD,11.25,945.93,31.25,588.5,0.00,0.00,0.000000,0.000000,0.0,0.00,0.0,0,0,0,0,0,64.19,13.99,,,56.02,953.16,50.2,0
68,105137,0,--:--:--,PAD,11.26,945.97,31.25,588.1,0.00,0.00,0.000000,0.000000,0.0,0.00,0.0,0,0,0,0,0,63.83,13.63,,,57.02,953.16,50.2,0
69,106137,0,--:--:--,PAD,11.26,945.97,31.25,588.1,0.00,0.00,0.000000,0.000000,0.0,0.00,0.0,0,0,0,0,0,63.83,13.63,,,58.02,953.16,50.2,0
70,108907,0,--:--:--,PAD,11.28,946.03,31.24,587.6,0.00,0.00,0.000000,0.000000,0.0,0.00,0.0,0,0,0,0,0,63.30,13.10,,,60.80,953.16,50.2,0
71,109907,0,--:--:--,PAD,11.29,946.05,31.27,587.4,0.00,0.00,0.000000,0.000000,0.0,0.00,0.0,0,0,0,0,0,63.12,12.92,,,61.80,953.16,50.2,0
72,110907,0,--:--:--,PAD,11.29,946.07,31.26,587.2,0.00,0.00,0.000000,0.000000,0.0,0.00,0.0,0,0,0,0,0,62.94,12.74,,,62.80,953.16,50.2,0
73,113175,0,--:--:--,PAD,11.31,946.11,31.26,586.9,0.00,0.00,0.000000,0.000000,0.0,0.00,0.0,0,0,0,0,0,62.58,12.38,,,65.06,953.16,50.2,0
74,114610,0,--:--:--,PAD,11.32,946.15,31.27,586.5,0.00,0.00,0.000000,0.000000,0.0,0.00,0.0,0,0,0,0,0,62.23,12.03,,,66.50,953.16,50.2,0
75,115610,0,--:--:--,PAD,11.32,946.15,31.27,586.5,0.00,0.00,0.000000,0.000000,0.0,0.00,0.0,0,0,0,0,0,62.23,12.03,,,67.50,953.16,50.2,0
76,116610,0,--:--:--,PAD,11.32,946.23,31.28,585.8,0.00,0.00,0.000000,0.000000,0.0,0.00,0.0,0,0,0,0,0,61.52,11.32,,,68.50,953.16,50.2,0
77,118543,0,--:--:--,PAD,11.33,946.25,31.27,585.7,0.00,0.00,0.000000,0.000000,0.0,0.00,0.0,0,0,0,0,0,61.34,11.14,,,70.43,953.16,50.2,0
78,119543,0,--:--:--,PAD,11.33,946.25,31.28,585.7,0.00,0.00,0.000000,0.000000,0.0,0.00,0.0,0,0,0,0,0,61.34,11.14,,,71.43,953.16,50.2,0
79,120543,0,--:--:--,PAD,11.34,946.29,31.28,585.3,0.00,0.00,0.000000,0.000000,0.0,0.00,0.0,0,0,0,0,0,60.98,10.78,,,72.43,953.16,50.2,0
81,124387,0,--:--:--,PAD,11.35,946.33,31.28,585.0,0.00,0.00,0.000000,0.000000,0.0,0.00,0.0,0,0,0,0,0,60.63,10.43,,,76.28,953.16,50.2,0
82,125387,0,--:--:--,PAD,11.35,946.33,31.28,585.0,0.00,0.00,0.000000,0.000000,0.0,0.00,0.0,0,0,0,0,0,60.63,10.43,,,77.28,953.16,50.2,0
83,126387,0,--:--:--,PAD,11.36,946.41,31.29,584.3,0.00,0.00,0.000000,0.000000,0.0,0.00,0.0,0,0,0,0,0,59.91,9.71,,,78.28,953.16,50.2,0
84,128571,0,--:--:--,PAD,11.36,946.41,31.28,584.3,0.00,0.00,0.000000,0.000000,0.0,0.00,0.0,0,0,0,0,0,59.91,9.71,,,80.46,953.16,50.2,0
85,130053,0,--:--:--,PAD,11.37,946.46,31.28,583.8,0.00,0.00,0.000000,0.000000,0.0,0.00,0.0,0,0,0,0,0,59.47,9.27,,,81.94,953.16,50.2,0
86,131074,0,--:--:--,PAD,11.38,946.48,31.28,583.7,0.00,0.00,0.000000,0.000000,0.0,0.00,0.0,0,0,0,0,0,59.29,9.09,,,82.96,953.16,50.2,0
87,132074,0,--:--:--,PAD,11.38,946.48,31.30,583.7,0.00,0.00,0.000000,0.000000,0.0,0.00,0.0,0,0,0,0,0,59.29,9.09,,,83.96,953.16,50.2,0
88,133638,0,--:--:--,PAD,11.39,946.50,31.29,583.5,0.00,0.00,0.000000,0.000000,0.0,0.00,0.0,0,0,0,0,0,59.11,8.91,,,85.53,953.16,50.2,0
89,134956,0,--:--:--,PAD,11.39,946.54,31.29,583.1,0.00,0.00,0.000000,0.000000,0.0,0.00,0.0,0,0,0,0,0,58.76,8.56,,,86.84,953.16,50.2,0
90,135956,0,--:--:--,PAD,11.40,946.54,31.28,583.1,0.00,0.00,0.000000,0.000000,0.0,0.00,0.0,0,0,0,0,0,58.76,8.56,,,87.84,953.16,50.2,0
91,136956,0,--:--:--,PAD,11.40,946.56,31.30,582.9,0.00,0.00,0.000000,0.000000,0.0,0.00,0.0,0,0,0,0,0,58.58,8.38,,,88.84,953.16,50.2,0
92,139939,0,--:--:--,PAD,11.42,946.62,31.30,582.4,0.00,0.00,0.000000,0.000000,0.0,0.00,0.0,0,0,0,0,0,58.04,7.84,,,91.83,953.16,50.2,0
93,140939,0,--:--:--,PAD,11.43,946.64,31.31,582.2,0.00,0.00,0.000000,0.000000,0.0,0.00,0.0,0,0,0,0,0,57.87,7.67,,,92.83,953.16,50.2,0
94,141939,0,--:--:--,PAD,11.43,946.66,31.31,582.1,0.00,0.00,0.000000,0.000000,0.0,0.00,0.0,0,0,0,0,0,57.69,7.49,,,93.83,953.16,50.2,0
95,144039,0,--:--:--,PAD,11.44,946.70,31.31,581.7,0.00,0.00,0.000000,0.000000,0.0,0.00,0.0,0,0,0,0,0,57.33,7.13,,,95.93,953.16,50.2,0
96,145572,0,--:--:--,PAD,11.44,946.70,31.32,581.7,0.00,0.00,0.000000,0.000000,0.0,0.00,0.0,0,0,0,0,0,57.33,7.13,,,97.46,953.16,50.2,0
97,146572,0,--:--:--,PAD,11.45,946.74,31.32,581.4,0.00,0.00,0.000000,0.000000,0.0,0.00,0.0,0,0,0,0,0,56.98,6.78,,,98.46,953.16,50.2,0
98,147572,0,--:--:--,PAD,11.46,946.76,31.31,581.2,0.00,0.00,0.000000,0.000000,0.0,0.00,0.0,0,0,0,0,0,56.80,6.60,,,99.46,953.16,50.2,0
99,149059,0,--:--:--,PAD,11.46,946.80,31.32,580.8,0.00,0.00,0.000000,0.000000,0.0,0.00,0.0,0,0,0,0,0,56.44,6.24,,,100.95,953.16,50.2,0
100,150421,0,--:--:--,PAD,11.48,946.82,31.32,580.7,0.00,0.00,0.000000,0.000000,0.0,0.00,0.0,0,0,0,0,0,56.26,6.06,,,102.31,953.16,50.2,0
101,151421,0,--:--:--,PAD,11.48,946.82,31.31,580.7,0.00,0.00,0.000000,0.000000,0.0,0.00,0.0,0,0,0,0,0,56.26,6.06,,,103.31,953.16,50.2,0
102,152421,0,--:--:--,PAD,11.49,946.88,31.32,580.1,0.00,0.00,0.000000,0.000000,0.0,0.00,0.0,0,0,0,0,0,55.73,5.53,,,104.31,953.16,50.2,0
103,155391,0,--:--:--,PAD,11.50,946.93,31.32,579.7,0.00,0.00,0.000000,0.000000,0.0,0.00,0.0,0,0,0,0,0,55.29,5.09,,,107.28,953.16,50.2,0
104,156391,0,--:--:--,PAD,11.51,946.93,31.32,579.7,0.00,0.00,0.000000,0.000000,0.0,0.00,0.0,0,0,0,0,0,55.29,5.09,,,108.28,953.16,50.2,0
105,157391,0,--:--:--,PAD,11.52,946.95,31.33,579.5,0.00,0.00,0.000000,0.000000,0.0,0.00,0.0,0,0,0,0,0,55.11,4.91,,,109.28,953.16,50.2,0
106,159560,0,--:--:--,PAD,11.53,947.03,31.33,578.8,0.00,0.00,69.234711,16.039322,54.6,0.17,0.0,7,1,0,0,0,54.40,4.20,4.40,0.20,111.45,953.16,50.2,1
107,161206,0,--:--:--,PAD,11.54,947.05,31.33,578.7,0.00,0.00,69.234711,16.039324,54.3,0.08,0.0,7,1,0,0,0,54.22,4.02,4.10,0.08,113.09,953.16,50.2,1
108,162206,0,--:--:--,PAD,11.54,947.09,31.34,578.3,0.00,0.00,69.234711,16.039324,54.3,0.08,0.0,7,1,0,0,0,53.86,3.66,4.10,0.44,114.09,953.16,50.2,1
109,163206,0,--:--:--,PAD,11.55,947.09,31.33,578.3,0.00,0.00,69.234711,16.039322,54.0,0.35,0.0,7,1,0,0,0,53.86,3.66,3.80,0.14,115.09,953.16,50.2,1
110,166047,0,--:--:--,PAD,11.57,947.15,31.35,577.8,0.00,0.00,69.234718,16.039322,53.6,0.90,0.0,7,1,0,0,0,53.33,3.13,3.40,0.27,117.94,953.16,50.2,1
111,167047,0,--:--:--,PAD,11.57,947.17,31.34,577.6,0.00,0.00,69.234718,16.039322,53.6,0.90,0.0,7,1,0,0,0,53.15,2.95,3.40,0.45,118.94,953.16,50.2,1
112,168047,0,--:--:--,PAD,11.58,947.21,31.34,577.3,0.00,0.00,69.234726,16.039322,53.4,0.77,0.0,7,1,0,0,0,52.79,2.59,3.20,0.61,119.94,953.16,50.2,1
113,171840,0,--:--:--,PAD,11.60,947.27,31.34,576.7,0.00,0.00,69.234718,16.039326,53.0,0.00,0.0,7,1,0,0,0,52.26,2.06,2.80,0.74,123.73,953.16,50.2,1
114,172840,0,--:--:--,PAD,11.61,947.29,31.35,576.6,0.00,0.00,69.234718,16.039326,53.0,0.00,0.0,7,1,0,0,0,52.08,1.88,2.80,0.92,124.73,953.16,50.2,1
115,173840,0,--:--:--,PAD,11.62,947.33,31.35,576.2,0.00,0.00,69.234718,16.039328,52.8,0.00,0.0,7,1,0,0,0,51.73,1.53,2.60,1.07,125.73,953.16,50.2,1
116,177659,0,--:--:--,PAD,11.64,947.41,31.35,575.5,0.00,0.00,69.234718,16.039316,50.8,0.86,0.0,8,1,0,0,0,51.02,0.82,0.60,-0.22,129.55,953.16,50.2,1
117,178672,0,--:--:--,PAD,11.65,947.41,31.36,575.5,0.00,0.00,69.234734,16.039297,50.5,1.23,321.6,8,1,0,0,0,51.02,0.82,0.30,-0.52,130.56,953.16,50.2,1
118,179672,0,--:--:--,PAD,11.66,947.47,31.37,575.0,0.00,0.00,69.234734,16.039297,50.5,1.23,321.6,8,1,0,0,0,50.48,0.28,0.30,0.02,131.56,953.16,50.2,1
119,182483,0,--:--:--,PAD,11.67,947.48,31.37,574.9,0.00,0.00,69.234749,16.039265,49.5,0.00,340.6,8,1,0,0,0,50.39,0.19,-0.70,-0.89,134.37,953.16,50.2,1
120,183483,0,--:--:--,PAD,11.68,947.54,31.38,574.4,0.00,0.00,69.234749,16.039265,49.5,0.00,340.6,8,1,0,0,0,49.86,-0.34,-0.70,-0.36,135.37,953.16,50.2,1
121,184483,0,--:--:--,PAD,11.68,947.56,31.36,574.2,0.00,0.00,69.234749,16.039267,49.4,0.00,340.6,8,1,0,0,0,49.68,-0.52,-0.80,-0.28,136.37,953.16,50.2,1
122,186329,0,--:--:--,PAD,11.70,947.64,31.37,573.5,0.00,0.00,69.234749,16.039261,48.6,0.00,340.6,8,1,0,0,0,48.97,-1.23,-1.60,-0.37,138.22,953.16,50.2,1
123,190152,0,--:--:--,PAD,11.71,947.68,31.38,573.1,0.00,0.00,69.234749,16.039257,48.7,0.00,340.6,8,1,0,0,0,48.61,-1.59,-1.50,0.09,142.04,953.16,50.2,1
124,191193,0,--:--:--,PAD,11.72,947.70,31.36,573.0,0.00,0.00,69.234749,16.039257,48.6,0.00,340.6,8,1,0,0,0,48.44,-1.76,-1.60,0.16,143.08,953.16,50.2,1
125,195935,0,--:--:--,PAD,11.74,947.76,31.38,572.4,0.00,0.00,69.234726,16.039167,47.5,0.43,340.6,8,1,0,0,0,47.90,-2.30,-2.70,-0.40,147.82,953.16,50.2,1
126,196935,0,--:--:--,PAD,11.74,947.76,31.37,572.4,0.00,0.00,69.234726,16.039167,47.5,0.43,340.6,8,1,0,0,0,47.90,-2.30,-2.70,-0.40,148.82,953.16,50.2,1
127,200845,0,--:--:--,PAD,11.76,947.84,31.39,571.7,0.00,0.00,69.234703,16.039003,46.7,1.43,250.8,8,1,0,0,0,47.19,-3.01,-3.50,-0.49,152.73,953.16,50.2,1
128,202721,0,--:--:--,PAD,11.77,947.88,31.39,571.4,0.00,0.00,69.234703,16.038979,46.6,0.75,250.8,8,1,0,0,0,46.84,-3.36,-3.60,-0.24,154.61,953.16,50.2,1
129,207492,0,--:--:--,PAD,11.78,947.90,31.41,571.2,0.00,0.00,69.234695,16.038988,46.3,0.00,250.8,8,1,0,0,0,46.66,-3.54,-3.90,-0.36,159.38,953.16,50.2,1
130,208492,0,--:--:--,PAD,11.78,947.94,31.41,570.9,0.00,0.00,69.234695,16.038988,46.3,0.00,250.8,8,1,0,0,0,46.30,-3.90,-3.90,-0.00,160.38,953.16,50.2,1
131,212405,0,--:--:--,PAD,11.80,947.95,31.42,570.8,0.00,0.00,69.234695,16.039000,45.7,0.00,250.8,8,1,0,0,0,46.21,-3.99,-4.50,-0.51,164.29,953.16,50.2,1
132,214304,0,--:--:--,PAD,11.81,947.99,31.41,570.4,0.00,0.00,69.234695,16.039001,45.7,0.00,250.8,8,1,0,0,0,45.86,-4.34,-4.50,-0.16,166.19,953.16,50.2,1
133,216158,0,--:--:--,PAD,11.82,948.01,31.40,570.3,0.00,0.00,69.234688,16.039022,44.6,1.13,132.0,8,1,0,0,0,45.68,-4.52,-5.60,-1.08,168.05,953.16,50.2,1
134,219148,0,--:--:--,PAD,11.82,948.03,31.42,570.1,0.00,0.00,69.234665,16.039070,39.3,1.71,157.8,8,1,0,0,0,45.50,-4.70,-10.90,-6.20,171.04,953.16,50.2,1
135,220993,0,--:--:--,PAD,11.83,948.07,31.43,569.7,0.00,0.00,69.234650,16.039083,37.0,1.53,162.1,8,1,0,0,0,45.15,-5.05,-13.20,-8.15,172.88,953.16,50.2,1
136,225770,0,--:--:--,PAD,11.84,948.09,31.42,569.5,0.00,0.00,69.234619,16.039106,27.6,0.00,162.1,7,1,0,0,0,44.97,-5.23,-22.60,-17.37,177.66,953.16,50.2,1
137,226798,0,--:--:--,PAD,11.84,948.15,31.43,569.0,0.00,0.00,69.234619,16.039091,26.0,1.51,328.2,7,1,0,0,0,44.44,-5.76,-24.20,-18.44,178.69,953.16,50.2,1
138,231554,0,--:--:--,PAD,11.86,948.21,31.43,568.5,0.00,0.00,69.234612,16.039085,18.7,0.00,328.2,8,1,0,0,0,43.90,-6.30,-31.50,-25.20,183.44,953.16,50.2,1
139,232554,0,--:--:--,PAD,11.87,948.23,31.43,568.3,0.00,0.00,69.234612,16.039085,18.7,0.00,328.2,8,1,0,0,0,43.72,-6.48,-31.50,-25.02,184.44,953.16,50.2,1
140,236426,0,--:--:--,PAD,11.88,948.29,31.43,567.8,0.00,0.00,69.234619,16.039101,16.6,0.34,328.2,8,1,0,0,0,43.19,-7.01,-33.60,-26.59,188.31,953.16,50.2,1
141,237426,0,--:--:--,PAD,11.88,948.29,31.44,567.8,0.00,0.00,69.234619,16.039101,16.6,0.34,328.2,8,1,0,0,0,43.19,-7.01,-33.60,-26.59,189.31,953.16,50.2,1
142,238426,0,--:--:--,PAD,11.89,948.31,31.44,567.6,0.00,0.00,69.234619,16.039101,17.1,0.48,328.2,8,1,0,0,0,43.01,-7.19,-33.10,-25.91,190.31,953.16,50.2,1
143,241259,0,--:--:--,PAD,11.90,948.35,31.44,567.3,0.00,0.00,69.234612,16.039106,16.4,0.77,328.2,8,1,0,0,0,42.66,-7.54,-33.80,-26.26,193.15,953.16,50.2,1
144,242259,0,--:--:--,PAD,11.90,948.37,31.46,567.1,0.00,0.00,69.234612,16.039106,16.4,0.77,328.2,8,1,0,0,0,42.48,-7.72,-33.80,-26.08,194.15,953.16,50.2,1
145,243259,0,--:--:--,PAD,11.91,948.37,31.44,567.1,0.00,0.00,69.234612,16.039104,16.5,0.00,328.2,8,1,0,0,0,42.48,-7.72,-33.70,-25.98,195.15,953.16,50.2,1
146,245050,0,--:--:--,PAD,11.92,948.43,31.44,566.6,0.00,0.00,69.234612,16.039101,17.1,0.00,328.2,8,1,0,0,0,41.95,-8.25,-33.10,-24.85,196.94,953.16,50.2,1
147,247983,0,--:--:--,PAD,11.93,948.45,31.46,566.4,0.00,0.00,69.234619,16.039101,17.2,0.00,328.2,8,1,0,0,0,41.77,-8.43,-33.00,-24.57,199.87,953.16,50.2,1
148,249012,0,--:--:--,PAD,11.94,948.49,31.44,566.0,0.00,0.00,69.234619,16.039097,17.4,0.00,328.2,8,1,0,0,0,41.41,-8.79,-32.80,-24.01,200.90,953.16,50.2,1
149,250798,0,--:--:--,PAD,11.95,948.50,31.45,566.0,0.00,0.00,69.234619,16.039093,17.7,0.00,328.2,8,1,0,0,0,41.33,-8.87,-32.50,-23.63,202.69,953.16,50.2,1
150,253757,0,--:--:--,PAD,11.96,948.54,31.46,565.6,0.00,0.00,69.234619,16.039091,17.8,0.00,328.2,8,1,0,0,0,40.97,-9.23,-32.40,-23.17,205.65,953.16,50.2,1
151,254757,0,--:--:--,PAD,11.96,948.56,31.47,565.4,0.00,0.00,69.234619,16.039091,17.8,0.00,328.2,8,1,0,0,0,40.79,-9.41,-32.40,-22.99,206.65,953.16,50.2,1
152,255757,0,--:--:--,PAD,11.97,948.56,31.46,565.4,0.00,0.00,69.234619,16.039089,17.9,0.00,328.2,8,1,0,0,0,40.79,-9.41,-32.30,-22.89,207.65,953.16,50.2,1
153,258583,0,--:--:--,PAD,11.98,948.60,31.46,565.1,0.00,0.00,69.234627,16.039082,18.4,0.00,328.2,8,1,0,0,0,40.44,-9.76,-31.80,-22.04,210.47,953.16,50.2,1
154,259614,0,--:--:--,PAD,11.99,948.62,31.46,564.9,0.00,0.00,69.234627,16.039080,18.8,0.00,328.2,10,1,0,0,0,40.26,-9.94,-31.40,-21.46,211.50,953.16,50.2,1
155,261468,0,--:--:--,PAD,12.00,948.70,31.48,564.2,0.00,0.00,69.234627,16.039074,19.4,0.00,328.2,10,1,0,0,0,39.55,-10.65,-30.80,-20.15,213.36,953.16,50.2,1
156,265308,0,--:--:--,PAD,12.01,948.72,31.46,564.0,0.00,0.00,69.234627,16.039074,19.6,0.00,328.2,10,1,0,0,0,39.37,-10.83,-30.60,-19.77,217.20,953.16,50.2,1
157,266312,0,--:--:--,PAD,12.02,948.82,31.46,563.2,0.00,0.00,69.234634,16.039074,19.8,0.00,328.2,10,1,0,0,0,38.48,-11.72,-30.40,-18.68,218.20,953.16,50.2,1
158,267316,0,--:--:--,PAD,12.02,948.84,31.47,563.0,0.00,0.00,69.234634,16.039070,20.4,0.00,328.2,10,1,0,0,0,38.30,-11.90,-29.80,-17.90,219.20,953.16,50.2,1
159,271136,0,--:--:--,PAD,12.03,948.88,31.48,562.6,0.00,0.00,69.234634,16.039070,20.5,0.00,328.2,10,1,0,0,0,37.95,-12.25,-29.70,-17.45,223.02,953.16,50.2,1
160,272180,0,--:--:--,PAD,12.04,948.90,31.48,562.5,0.00,0.00,69.234642,16.039068,20.8,0.00,328.2,10,1,0,0,0,37.77,-12.43,-29.40,-16.97,224.07,953.16,50.2,1
161,274044,0,--:--:--,PAD,12.04,948.92,31.49,562.3,0.00,0.00,69.234657,16.038988,16.6,1.32,311.1,10,1,0,0,0,37.59,-12.61,-33.60,-20.99,225.93,953.16,50.2,1
162,277900,0,--:--:--,PAD,12.06,948.96,31.48,561.9,0.00,0.00,69.234657,16.038952,17.2,0.79,311.1,10,1,0,0,0,37.24,-12.96,-33.00,-20.04,229.79,953.16,50.2,1
163,279765,0,--:--:--,PAD,12.07,949.02,31.48,561.4,0.00,0.00,69.234657,16.038895,23.0,0.44,311.1,10,1,0,0,0,36.71,-13.49,-27.20,-13.71,231.65,953.16,50.2,1
164,283623,0,--:--:--,PAD,12.08,949.03,31.49,561.3,0.00,0.00,69.234665,16.038887,24.4,0.17,311.1,10,1,0,0,0,36.62,-13.58,-25.80,-12.22,235.51,953.16,50.2,1
165,284664,0,--:--:--,PAD,12.08,949.03,31.50,561.3,0.00,0.00,69.234680,16.038893,25.7,0.79,311.1,10,1,0,0,0,36.62,-13.58,-24.50,-10.92,236.55,953.16,50.2,1
166,286527,0,--:--:--,PAD,12.10,949.09,31.50,560.8,0.00,0.00,69.234695,16.038895,26.8,0.00,19.0,10,1,0,0,0,36.08,-14.12,-23.40,-9.28,238.41,953.16,50.2,1
167,289481,0,--:--:--,PAD,12.10,949.11,31.50,560.6,0.00,0.00,69.234703,16.038879,27.6,0.48,19.0,10,1,0,0,0,35.91,-14.29,-22.60,-8.31,241.37,953.16,50.2,1
168,291348,0,--:--:--,PAD,12.11,949.17,31.49,560.1,0.00,0.00,69.234703,16.038874,28.7,0.16,19.0,10,1,0,0,0,35.37,-14.83,-21.50,-6.67,243.24,953.16,50.2,1
169,292349,0,--:--:--,PAD,12.13,949.21,31.50,559.8,0.00,0.00,69.234741,16.038904,33.1,1.90,6.4,10,1,0,0,0,35.02,-15.18,-17.10,-1.92,244.24,953.16,50.2,1
170,296150,0,--:--:--,PAD,12.14,949.25,31.50,559.4,0.00,0.00,69.234749,16.038900,33.3,0.22,6.4,10,1,0,0,0,34.66,-15.54,-16.90,-1.36,248.04,953.16,50.2,1
171,297205,0,--:--:--,PAD,12.15,949.27,31.51,559.2,0.00,0.00,69.234734,16.038883,34.2,0.41,6.4,10,1,0,0,0,34.49,-15.71,-16.00,-0.29,249.09,953.16,50.2,1
172,299060,0,--:--:--,PAD,12.16,949.37,31.52,558.4,0.00,0.00,69.234711,16.038866,34.9,0.00,6.4,10,1,0,0,0,33.60,-16.60,-15.30,1.30,250.95,953.16,50.2,1
173,302850,0,--:--:--,PAD,12.18,949.41,31.51,558.0,0.00,0.00,69.234711,16.038862,34.8,0.00,6.4,10,1,0,0,0,33.24,-16.96,-15.40,1.56,254.74,953.16,50.2,1
174,303850,0,--:--:--,PAD,12.18,949.45,31.52,557.7,0.00,0.00,69.234711,16.038862,34.8,0.00,6.4,10,1,0,0,0,32.89,-17.31,-15.40,1.91,255.74,953.16,50.2,1
175,305716,0,--:--:--,PAD,12.21,949.52,31.52,557.0,0.00,0.00,69.234703,16.038857,35.3,0.28,6.4,10,1,0,0,0,32.27,-17.93,-14.90,3.03,257.60,953.16,50.2,1
176,308736,0,--:--:--,PAD,12.22,949.54,31.52,556.9,0.00,0.00,69.234695,16.038855,34.6,0.00,6.4,10,1,0,0,0,32.09,-18.11,-15.60,2.51,260.62,953.16,50.2,1
177,310626,0,--:--:--,PAD,12.23,949.60,31.52,556.3,0.00,0.00,69.234695,16.038851,34.5,0.00,6.4,10,1,0,0,0,31.56,-18.64,-15.70,2.94,262.51,953.16,50.2,1
178,315402,0,--:--:--,PAD,12.27,949.72,31.53,555.3,0.00,0.00,69.234695,16.038774,34.7,0.00,315.5,10,1,0,0,0,30.49,-19.71,-15.50,4.21,267.29,953.16,50.2,1
179,316405,0,--:--:--,PAD,12.28,949.76,31.54,554.9,0.00,0.00,69.234695,16.038780,34.6,0.00,315.5,10,1,0,0,0,30.14,-20.06,-15.60,4.46,268.29,953.16,50.2,1
180,318277,0,--:--:--,PAD,12.30,949.82,31.54,554.4,0.00,0.00,69.234695,16.038794,34.8,0.00,315.5,10,1,0,0,0,29.60,-20.60,-15.40,5.20,270.17,953.16,50.2,1
181,322136,0,--:--:--,PAD,12.31,949.92,31.54,553.5,0.00,0.00,69.234695,16.038795,35.0,0.00,315.5,10,1,0,0,0,28.72,-21.48,-15.20,6.28,274.02,953.16,50.2,1
182,323177,0,--:--:--,PAD,12.32,949.92,31.53,553.5,0.00,0.00,69.234695,16.038803,35.2,0.00,315.5,10,1,0,0,0,28.72,-21.48,-15.00,6.48,275.06,953.16,50.2,1
183,325040,0,--:--:--,PAD,12.33,949.98,31.54,553.0,0.00,0.00,69.234695,16.038816,35.8,0.00,315.5,10,1,0,0,0,28.18,-22.02,-14.40,7.62,276.93,953.16,50.2,1
184,328853,0,--:--:--,PAD,12.35,950.04,31.54,552.5,0.00,0.00,69.234695,16.038818,36.0,0.00,315.5,10,1,0,0,0,27.65,-22.55,-14.20,8.35,280.74,953.16,50.2,1
185,329856,0,--:--:--,PAD,12.35,950.05,31.54,552.4,0.00,0.00,69.234703,16.038826,36.4,0.00,315.5,10,1,0,0,0,27.56,-22.64,-13.80,8.84,281.74,953.16,50.2,1
186,331719,0,--:--:--,PAD,12.37,950.11,31.55,551.9,0.00,0.00,69.234703,16.038837,37.1,0.00,315.5,11,1,0,0,0,27.03,-23.17,-13.10,10.07,283.61,953.16,50.2,1
187,335595,0,--:--:--,PAD,12.39,950.15,31.55,551.5,0.00,0.00,69.234703,16.038839,37.3,0.00,315.5,11,1,0,0,0,26.67,-23.53,-12.90,10.63,287.48,953.16,50.2,1
188,336662,0,--:--:--,PAD,12.39,950.17,31.56,551.4,0.00,0.00,69.234703,16.038845,37.5,0.00,315.5,11,1,0,0,0,26.50,-23.70,-12.70,11.00,288.55,953.16,50.2,1
189,338541,0,--:--:--,PAD,12.41,950.23,31.56,550.8,0.00,0.00,69.234703,16.038855,37.8,0.00,315.5,11,1,0,0,0,25.96,-24.24,-12.40,11.84,290.43,953.16,50.2,1
190,342327,0,--:--:--,PAD,12.42,950.27,31.56,550.5,0.00,0.00,69.234703,16.038858,37.9,0.00,315.5,11,1,0,0,0,25.61,-24.59,-12.30,12.29,294.21,953.16,50.2,1
191,343338,0,--:--:--,PAD,12.43,950.29,31.57,550.3,0.00,0.00,69.234703,16.038862,38.1,0.00,315.5,11,1,0,0,0,25.43,-24.77,-12.10,12.67,295.23,953.16,50.2,1
192,345217,0,--:--:--,PAD,12.45,950.35,31.58,549.8,0.00,0.00,69.234703,16.038870,38.3,0.00,315.5,12,1,0,0,0,24.90,-25.30,-11.90,13.40,297.11,953.16,50.2,1
193,349096,0,--:--:--,PAD,12.46,950.39,31.58,549.4,0.00,0.00,69.234703,16.038872,38.4,0.00,315.5,12,1,0,0,0,24.54,-25.66,-11.80,13.86,300.98,953.16,50.2,1
194,350147,0,--:--:--,PAD,12.47,950.43,31.57,549.1,0.00,0.00,69.234718,16.038864,35.8,0.00,345.6,12,1,0,0,0,24.19,-26.01,-14.40,11.61,302.04,953.16,50.2,1
195,352923,0,--:--:--,PAD,12.49,950.52,31.57,548.3,0.00,0.00,69.234711,16.038858,35.4,0.80,345.6,12,1,0,0,0,23.39,-26.81,-14.80,12.01,304.81,953.16,50.2,1
196,356801,0,--:--:--,PAD,12.50,950.58,31.58,547.8,0.00,0.00,69.234703,16.038862,34.3,0.55,345.6,12,1,0,0,0,22.86,-27.34,-15.90,11.44,308.69,953.16,50.2,1
197,357820,0,--:--:--,PAD,12.51,950.60,31.58,547.6,0.00,0.00,69.234703,16.038872,34.6,0.00,345.6,12,1,0,0,0,22.68,-27.52,-15.60,11.92,309.71,953.16,50.2,1
198,359714,0,--:--:--,PAD,12.53,950.68,31.58,546.9,0.00,0.00,69.234711,16.038889,32.7,0.15,345.6,12,1,0,0,0,21.97,-28.23,-17.50,10.73,311.60,953.16,50.2,1
199,363577,0,--:--:--,PAD,12.54,950.74,31.59,546.4,0.00,0.00,69.234711,16.038893,33.4,0.00,345.6,12,1,0,0,0,21.44,-28.76,-16.80,11.96,315.46,953.16,50.2,1
200,365470,0,--:--:--,PAD,12.56,950.82,31.58,545.7,0.00,0.00,69.234703,16.038895,30.3,0.57,345.6,12,1,0,0,0,20.73,-29.47,-19.90,9.57,317.36,953.16,50.2,1
201,369349,0,--:--:--,PAD,12.58,950.90,31.60,545.0,0.00,0.00,69.234680,16.038898,27.8,1.35,180.1,11,1,0,0,0,20.02,-30.18,-22.40,7.78,321.24,953.16,50.2,1
202,371240,0,--:--:--,PAD,12.60,950.96,31.61,544.5,0.00,0.00,69.234650,16.038893,26.9,0.84,188.8,11,1,0,0,0,19.49,-30.71,-23.30,7.41,323.13,953.16,50.2,1
203,375128,0,--:--:--,PAD,12.63,951.03,31.61,543.9,0.00,0.00,69.234642,16.038883,27.7,0.96,188.8,12,1,0,0,0,18.87,-31.33,-22.50,8.83,327.02,953.16,50.2,1
204,377022,0,--:--:--,PAD,12.65,951.13,31.61,543.0,0.00,0.00,69.234612,16.038893,34.1,0.90,185.4,10,1,0,0,0,17.98,-32.22,-16.10,16.12,328.91,953.16,50.2,1
205,380875,0,--:--:--,PAD,12.67,951.21,31.61,542.3,0.00,0.00,69.234604,16.038897,35.4,0.83,185.4,10,1,0,0,0,17.27,-32.93,-14.80,18.13,332.76,953.16,50.2,1
206,381889,0,--:--:--,PAD,12.68,951.25,31.62,541.9,0.00,0.00,69.234589,16.038902,37.5,0.66,187.7,11,1,0,0,0,16.92,-33.28,-12.70,20.58,333.78,953.16,50.2,1
207,383811,0,--:--:--,PAD,12.71,951.39,31.63,540.7,0.00,0.00,69.234589,16.038923,43.0,1.11,14.2,11,1,0,0,0,15.68,-34.52,-7.20,27.32,335.70,953.16,50.2,1
208,387605,0,--:--:--,PAD,12.73,951.47,31.63,540.0,0.00,0.00,69.234604,16.038954,42.7,1.03,27.6,12,1,0,0,0,14.97,-35.23,-7.50,27.73,339.49,953.16,50.2,1
209,389500,0,--:--:--,PAD,12.75,951.57,31.63,539.1,0.00,0.00,69.234612,16.038960,43.4,0.00,10.0,12,1,0,0,0,14.08,-36.12,-6.80,29.32,341.39,953.16,50.2,1
210,393360,0,--:--:--,PAD,12.77,951.64,31.63,538.5,0.00,0.00,69.234612,16.038960,43.5,0.00,10.0,12,1,0,0,0,13.46,-36.74,-6.70,30.04,345.25,953.16,50.2,1
211,394407,0,--:--:--,PAD,12.78,951.64,31.64,538.5,0.00,0.00,69.234612,16.038958,43.6,0.00,10.0,11,1,0,0,0,13.46,-36.74,-6.60,30.14,346.30,953.16,50.2,1
212,397165,0,--:--:--,PAD,12.81,951.78,31.64,537.3,0.00,0.00,69.234612,16.038963,44.2,0.30,10.0,11,1,0,0,0,12.22,-37.98,-6.00,31.98,349.05,953.16,50.2,1
213,401052,0,--:--:--,PAD,12.83,951.86,31.65,536.6,0.00,0.00,69.234612,16.038965,43.8,0.15,10.0,11,1,0,0,0,11.51,-38.69,-6.40,32.29,352.94,953.16,50.2,1
214,402052,0,--:--:--,PAD,12.84,951.88,31.66,536.4,0.00,0.00,69.234612,16.038965,43.8,0.15,10.0,11,1,0,0,0,11.33,-38.87,-6.40,32.47,353.94,953.16,50.2,1
215,404912,0,--:--:--,PAD,12.86,951.98,31.66,535.6,0.00,0.00,69.234634,16.038954,42.5,0.91,359.9,10,1,0,0,0,10.45,-39.75,-7.70,32.05,356.80,953.16,50.2,1
216,405961,0,--:--:--,PAD,12.87,952.00,31.66,535.4,0.00,0.00,69.234657,16.038952,44.1,0.67,359.9,10,1,0,0,0,10.27,-39.93,-6.10,33.83,357.85,953.16,50.2,1
217,407784,0,--:--:--,PAD,12.90,952.06,31.66,534.9,0.00,0.00,69.234688,16.038925,46.6,1.38,340.3,11,1,0,0,0,9.74,-40.46,-3.60,36.86,359.67,953.16,50.2,1
218,410707,0,--:--:--,PAD,12.91,952.11,31.67,534.4,0.00,0.00,69.234703,16.038906,47.2,0.56,340.3,11,1,0,0,0,9.30,-40.90,-3.00,37.90,362.60,953.16,50.2,1
219,412536,0,--:--:--,PAD,12.93,952.19,31.66,533.7,0.00,0.00,69.234711,16.038897,48.1,0.31,340.3,11,1,0,0,0,8.59,-41.61,-2.10,39.51,364.42,953.16,50.2,1
220,417330,0,--:--:--,PAD,12.96,952.35,31.68,532.3,0.00,0.00,69.234726,16.038877,52.5,0.49,340.3,11,1,0,0,0,7.17,-43.03,2.30,45.33,369.22,953.16,50.2,1
221,418348,0,--:--:--,PAD,12.97,952.37,31.68,532.2,0.00,0.00,69.234734,16.038872,54.4,0.70,340.3,11,1,0,0,0,6.99,-43.21,4.20,47.41,370.24,953.16,50.2,1
222,422255,0,--:--:--,PAD,13.00,952.49,31.68,531.1,0.00,0.00,69.234772,16.038824,57.7,1.34,342.6,11,1,0,0,0,5.93,-44.27,7.50,51.77,374.14,953.16,50.2,1
223,424084,0,--:--:--,PAD,13.02,952.55,31.68,530.6,0.00,0.00,69.234779,16.038818,57.5,1.05,348.8,11,1,0,0,0,5.40,-44.80,7.30,52.10,375.97,953.16,50.2,1
224,428003,0,--:--:--,PAD,13.05,952.66,31.70,529.6,0.00,0.00,69.234802,16.038782,57.7,0.00,348.8,11,1,0,0,0,4.43,-45.77,7.50,53.27,379.89,953.16,50.2,1
225,429879,0,--:--:--,PAD,13.06,952.68,31.70,529.5,0.00,0.00,69.234802,16.038784,57.7,0.00,348.8,12,1,0,0,0,4.25,-45.95,7.50,53.45,381.77,953.16,50.2,1
226,433787,0,--:--:--,PAD,13.09,952.78,31.71,528.6,0.00,0.00,69.234810,16.038782,57.8,0.00,348.8,12,1,0,0,0,3.36,-46.84,7.60,54.44,385.68,953.16,50.2,1
227,435630,0,--:--:--,PAD,13.11,952.84,31.70,528.1,0.00,0.00,69.234818,16.038774,58.5,0.70,348.8,12,1,0,0,0,2.83,-47.37,8.30,55.67,387.52,953.16,50.2,1
228,439553,0,--:--:--,PAD,13.13,952.94,31.72,527.2,0.00,0.00,69.234810,16.038790,58.0,1.27,154.0,10,1,0,0,0,1.95,-48.25,7.80,56.05,391.44,953.16,50.2,1
229,441420,0,--:--:--,PAD,13.14,952.98,31.72,526.8,0.00,0.00,69.234802,16.038811,58.2,1.71,152.4,10,1,0,0,0,1.59,-48.61,8.00,56.61,393.31,953.16,50.2,1
230,445304,0,--:--:--,PAD,13.17,953.08,31.72,526.0,0.00,0.00,69.234612,16.039017,8.3,2.88,154.9,7,1,0,0,0,0.71,-49.49,-41.90,7.59,397.19,953.16,50.2,1
231,447124,0,--:--:--,PAD,13.18,953.09,31.72,525.9,0.00,0.00,69.234558,16.039099,-1.3,2.86,158.0,7,1,0,0,0,0.62,-49.58,-51.50,-1.92,399.01,953.16,50.2,0
232,451053,0,--:--:--,PAD,13.21,953.21,31.74,524.8,0.00,0.00,69.234520,16.039185,-13.0,0.70,156.0,7,1,0,0,0,-0.44,-50.64,-63.20,-12.56,402.94,953.16,50.2,0
233,452069,0,--:--:--,PAD,13.22,953.23,31.74,524.7,0.00,0.00,69.234520,16.039200,-14.9,0.49,156.0,7,1,0,0,0,-0.62,-50.82,-65.10,-14.28,403.96,953.16,50.2,0
234,453894,0,--:--:--,PAD,13.24,953.33,31.73,523.8,0.00,0.00,69.234528,16.039265,-20.1,1.27,19.2,8,1,0,0,0,-1.50,-51.70,-70.30,-18.60,405.78,953.16,50.2,0
235,456884,0,--:--:--,PAD,13.25,953.35,31.75,523.6,0.00,0.00,69.234535,16.039278,-21.0,0.74,6.2,8,1,0,0,0,-1.68,-51.88,-71.20,-19.32,408.77,953.16,50.2,0
236,458702,0,--:--:--,PAD,13.26,953.39,31.75,523.3,0.00,0.00,69.234535,16.039278,-21.0,0.74,6.2,8,1,0,0,0,-2.04,-52.24,-71.20,-18.96,410.59,953.16,50.2,0
237,460278,0,--:--:--,PAD,13.27,953.41,31.75,523.1,0.00,0.00,69.234512,16.039133,-23.3,2.75,247.0,10,1,0,0,0,-2.21,-52.41,-73.50,-21.09,412.17,953.16,50.2,0
238,462537,0,--:--:--,PAD,13.28,953.49,31.76,522.4,0.00,0.00,69.234512,16.039133,-23.3,2.75,247.0,10,1,0,0,0,-2.92,-53.12,-73.50,-20.38,414.43,953.16,50.2,0
239,463537,0,--:--:--,PAD,13.29,953.51,31.74,522.2,0.00,0.00,69.234489,16.039034,-23.4,4.31,242.3,10,1,0,0,0,-3.10,-53.30,-73.60,-20.30,415.43,953.16,50.2,0
240,467407,0,--:--:--,PAD,13.31,953.59,31.74,521.5,0.00,0.00,69.234207,16.038176,-24.3,9.89,227.7,11,1,0,0,0,-3.81,-54.01,-74.50,-20.49,419.30,953.16,50.2,0
241,468407,0,--:--:--,PAD,13.31,953.63,31.75,521.2,0.00,0.00,69.234207,16.038176,-24.3,9.89,227.7,11,1,0,0,0,-4.16,-54.36,-74.50,-20.14,420.30,953.16,50.2,0
242,469407,0,--:--:--,PAD,13.32,953.63,31.76,521.2,0.00,0.00,69.234138,16.037989,-24.4,10.28,226.2,11,1,0,0,0,-4.16,-54.36,-74.60,-20.24,421.30,953.16,50.2,0
243,472225,0,--:--:--,PAD,13.34,953.68,31.76,520.7,0.00,0.00,69.233871,16.037258,-26.6,9.52,223.3,10,1,0,0,0,-4.60,-54.80,-76.80,-22.00,424.11,953.16,50.2,0
244,473240,0,--:--:--,PAD,13.34,953.70,31.77,520.6,0.00,0.00,69.233871,16.037258,-26.6,9.52,223.3,10,1,0,0,0,-4.78,-54.98,-76.80,-21.82,425.13,953.16,50.2,0
245,475014,0,--:--:--,PAD,13.36,953.76,31.76,520.0,0.00,0.00,69.233505,16.036821,-42.0,9.34,202.4,10,1,0,0,0,-5.31,-55.51,-92.20,-36.69,426.90,953.16,50.2,0
246,477948,0,--:--:--,PAD,13.37,953.78,31.76,519.9,0.00,0.00,69.233414,16.036736,-44.4,9.59,200.3,10,1,0,0,0,-5.49,-55.69,-94.60,-38.91,429.84,953.16,50.2,0
247,478948,0,--:--:--,PAD,13.37,953.80,31.77,519.7,0.00,0.00,69.233414,16.036736,-44.4,9.59,200.3,10,1,0,0,0,-5.66,-55.86,-94.60,-38.74,430.84,953.16,50.2,0
248,479948,0,--:--:--,PAD,13.38,953.82,31.77,519.5,0.00,0.00,69.233322,16.036655,-46.9,9.92,197.6,10,1,0,0,0,-5.84,-56.04,-97.10,-41.06,431.84,953.16,50.2,0
249,482748,0,--:--:--,PAD,13.40,953.94,31.79,518.5,0.00,0.00,69.232971,16.036482,-61.5,8.48,173.0,10,1,0,0,0,-6.90,-57.10,-111.70,-54.60,434.64,953.16,50.2,0
250,483748,0,--:--:--,PAD,13.40,953.94,31.79,518.5,0.00,0.00,69.232971,16.036482,-61.5,8.48,173.0,10,1,0,0,0,-6.90,-57.10,-111.70,-54.60,435.64,953.16,50.2,0
251,484748,0,--:--:--,PAD,13.41,953.96,31.77,518.3,0.00,0.00,69.232880,16.036501,-71.8,8.98,171.4,11,1,0,0,0,-7.08,-57.28,-122.00,-64.72,436.64,953.16,50.2,0
252,488554,0,--:--:--,PAD,13.43,954.06,31.80,517.4,0.00,0.00,69.232590,16.036587,-35.9,5.03,168.0,9,1,0,0,0,-7.96,-58.16,-86.10,-27.94,440.44,953.16,50.2,0
253,489554,0,--:--:--,PAD,13.43,954.06,31.80,517.4,0.00,0.00,69.232590,16.036587,-35.9,5.03,168.0,9,1,0,0,0,-7.96,-58.16,-86.10,-27.94,441.44,953.16,50.2,0
254,490554,0,--:--:--,PAD,13.44,954.08,31.78,517.3,0.00,0.00,69.232536,16.036608,-34.7,4.97,168.4,8,1,0,0,0,-8.14,-58.34,-84.90,-26.56,442.44,953.16,50.2,0
255,492304,0,--:--:--,PAD,13.45,954.16,31.79,516.6,0.00,0.00,69.232315,16.036726,-32.9,4.48,161.1,9,1,0,0,0,-8.85,-59.05,-83.10,-24.05,444.19,953.16,50.2,0
256,495269,0,--:--:--,PAD,13.46,954.16,31.79,516.6,0.00,0.00,69.232285,16.036745,-32.8,3.97,162.7,9,1,0,0,0,-8.85,-59.05,-83.00,-23.95,447.16,953.16,50.2,0
257,496290,0,--:--:--,PAD,13.45,954.16,31.78,516.6,0.00,0.00,69.232246,16.036753,-32.8,3.70,165.2,11,1,0,0,0,-8.85,-59.05,-83.00,-23.95,448.18,953.16,50.2,0
258,497290,0,--:--:--,PAD,13.45,954.16,31.79,516.6,0.00,0.00,69.232246,16.036753,-32.8,3.70,165.2,11,1,0,0,0,-8.85,-59.05,-83.00,-23.95,449.18,953.16,50.2,0
259,500117,0,--:--:--,PAD,13.44,954.08,31.78,517.3,0.00,0.00,69.232155,16.036791,-37.2,2.61,149.1,12,1,0,0,0,-8.14,-58.34,-87.40,-29.06,452.00,953.16,50.2,0
260,501117,0,--:--:--,PAD,13.44,954.08,31.78,517.3,0.00,0.00,69.232155,16.036791,-37.2,2.61,149.1,12,1,0,0,0,-8.14,-58.34,-87.40,-29.06,453.00,953.16,50.2,0
261,502117,0,--:--:--,PAD,13.43,954.06,31.80,517.4,0.00,0.00,69.232170,16.036770,-41.1,0.94,149.1,12,1,0,0,0,-7.96,-58.16,-91.30,-33.14,454.00,953.16,50.2,0
262,505925,0,--:--:--,PAD,13.41,954.00,31.79,518.0,0.00,0.00,69.232292,16.036592,-71.8,0.99,341.1,12,1,0,0,0,-7.43,-57.63,-122.00,-64.37,457.81,953.16,50.2,0
263,506925,0,--:--:--,PAD,13.40,953.96,31.79,518.3,0.00,0.00,69.232292,16.036592,-71.8,0.99,341.1,12,1,0,0,0,-7.08,-57.28,-122.00,-64.72,458.81,953.16,50.2,0
264,507925,0,--:--:--,PAD,13.39,953.94,31.80,518.5,0.00,0.00,69.232292,16.036547,-76.1,0.91,341.1,12,1,0,0,0,-6.90,-57.10,-126.30,-69.20,459.81,953.16,50.2,0
265,509698,0,--:--:--,PAD,13.36,953.78,31.78,519.9,0.00,0.00,69.232391,16.036240,-102.4,0.77,355.7,12,1,0,0,0,-5.49,-55.69,-152.60,-96.91,461.59,953.16,50.2,0
266,513606,0,--:--:--,PAD,13.35,953.72,31.79,520.4,0.00,0.00,69.232414,16.036186,-108.0,1.31,344.2,12,1,0,0,0,-4.96,-55.16,-158.20,-103.04,465.49,953.16,50.2,0
267,514606,0,--:--:--,PAD,13.33,953.70,31.79,520.6,0.00,0.00,69.232414,16.036186,-108.0,1.31,344.2,12,1,0,0,0,-4.78,-54.98,-158.20,-103.22,466.49,953.16,50.2,0
268,517455,0,--:--:--,PAD,13.31,953.59,31.79,521.5,0.00,0.00,69.232521,16.036020,-122.8,0.63,348.7,12,1,0,0,0,-3.81,-54.01,-173.00,-118.99,469.34,953.16,50.2,0
271,521211,0,--:--:--,PAD,13.27,953.43,31.79,522.9,0.00,0.00,69.232643,16.035954,-118.0,0.00,348.7,12,1,0,0,0,-2.39,-52.59,-168.20,-115.61,473.10,953.16,50.2,0
272,524137,0,--:--:--,PAD,13.26,953.43,31.79,522.9,0.00,0.00,69.232681,16.035946,-116.6,0.00,348.7,12,1,0,0,0,-2.39,-52.59,-166.80,-114.21,476.02,953.16,50.2,0
273,525137,0,--:--:--,PAD,13.26,953.39,31.79,523.3,0.00,0.00,69.232681,16.035946,-116.6,0.00,348.7,12,1,0,0,0,-2.04,-52.24,-166.80,-114.56,477.02,953.16,50.2,0
280,536693,0,--:--:--,PAD,13.19,953.17,31.79,525.2,0.00,0.00,69.233383,16.036013,-113.7,0.00,348.7,13,1,0,0,0,-0.09,-50.29,-163.90,-113.61,488.58,953.16,50.2,0
281,540479,0,--:--:--,PAD,13.17,953.09,31.78,525.9,0.00,0.00,69.233521,16.036005,-109.6,0.00,348.7,13,1,0,0,0,0.62,-49.58,-159.80,-110.22,492.37,953.16,50.2,0
282,541479,0,--:--:--,PAD,13.16,953.06,31.78,526.1,0.00,0.00,69.233521,16.036005,-109.6,0.00,348.7,13,1,0,0,0,0.89,-49.31,-159.80,-110.49,493.37,953.16,50.2,0
283,542479,0,--:--:--,PAD,13.16,953.06,31.80,526.1,0.00,0.00,69.233536,16.036003,-108.6,0.00,348.7,13,1,0,0,0,0.89,-49.31,-158.80,-109.49,494.37,953.16,50.2,0
284,546235,0,--:--:--,PAD,13.14,952.98,31.78,526.8,0.00,0.00,69.233589,16.035965,-101.7,0.00,348.7,13,1,0,0,0,1.59,-48.61,-151.90,-103.29,498.12,953.16,50.2,0
285,547235,0,--:--:--,PAD,13.13,952.98,31.79,526.8,0.00,0.00,69.233589,16.035965,-101.7,0.00,348.7,13,1,0,0,0,1.59,-48.61,-151.90,-103.29,499.12,953.16,50.2,0
286,548235,0,--:--:--,PAD,13.13,952.96,31.78,527.0,0.00,0.00,69.233589,16.035959,-100.4,0.00,348.7,13,1,0,0,0,1.77,-48.43,-150.60,-102.17,500.12,953.16,50.2,0
287,552023,0,--:--:--,PAD,13.11,952.88,31.79,527.7,0.00,0.00,69.233597,16.035950,-92.9,0.00,348.7,14,1,0,0,0,2.48,-47.72,-143.10,-95.38,503.91,953.16,50.2,0
288,553023,0,--:--:--,PAD,13.10,952.84,31.80,528.1,0.00,0.00,69.233597,16.035950,-92.9,0.00,348.7,14,1,0,0,0,2.83,-47.37,-143.10,-95.73,504.91,953.16,50.2,0
289,554023,0,--:--:--,PAD,13.10,952.84,31.78,528.1,0.00,0.00,69.233604,16.035950,-91.5,0.00,348.7,14,1,0,0,0,2.83,-47.37,-141.70,-94.33,505.91,953.16,50.2,0
290,555798,0,--:--:--,PAD,13.08,952.78,31.78,528.6,0.00,0.00,69.233604,16.035948,-87.2,0.00,348.7,14,1,0,1,0,3.36,-46.84,-137.40,-90.56,507.69,953.16,50.2,0
291,556853,0,--:--:--,PAD,13.08,952.76,31.78,528.8,0.00,0.00,69.233604,16.035946,-85.8,0.00,348.7,14,1,0,1,0,3.54,-46.66,-136.00,-89.34,508.74,953.16,50.2,0
292,557853,0,--:--:--,PAD,13.07,952.76,31.79,528.8,0.00,0.00,69.233604,16.035946,-85.8,0.00,348.7,14,1,0,1,0,3.54,-46.66,-136.00,-89.34,509.74,953.16,50.2,0
294,560621,0,--:--:--,PAD,13.05,952.70,31.78,529.3,0.00,0.00,69.233612,16.035938,-80.2,0.00,348.7,14,1,0,1,0,4.07,-46.13,-130.40,-84.27,512.51,953.16,50.2,0
295,561656,0,--:--:--,PAD,13.05,952.68,31.78,529.5,0.00,0.00,69.233612,16.035938,-80.2,0.00,348.7,14,1,0,2,0,4.25,-45.95,-130.40,-84.45,513.54,953.16,50.2,0
296,562685,0,--:--:--,PAD,13.04,952.64,31.78,529.8,0.00,0.00,69.233620,16.035936,-78.7,0.00,348.7,14,1,0,2,0,4.60,-45.60,-128.90,-83.30,514.57,953.16,50.2,0
297,564461,0,--:--:--,PAD,13.03,952.62,31.78,530.0,0.00,0.00,69.233620,16.035933,-76.2,0.00,348.7,14,1,0,2,0,4.78,-45.42,-126.40,-80.98,516.35,953.16,50.2,0
298,565461,0,--:--:--,PAD,13.03,952.62,31.78,530.0,0.00,0.00,69.233620,16.035931,-75.2,0.00,348.7,14,1,0,2,0,4.78,-45.42,-125.40,-79.98,517.35,953.16,50.2,0
299,566461,0,--:--:--,PAD,13.02,952.59,31.78,530.2,0.00,0.00,69.233627,16.035929,-73.7,0.00,348.7,14,1,0,2,0,5.05,-45.15,-123.90,-78.75,518.35,953.16,50.2,0
300,568308,0,--:--:--,PAD,13.01,952.57,31.77,530.4,0.00,0.00,69.233627,16.035927,-71.5,0.00,348.7,14,1,0,3,0,5.22,-44.98,-121.70,-76.72,520.20,953.16,50.2,0
301,569308,0,--:--:--,PAD,13.01,952.53,31.77,530.8,0.00,0.00,69.233635,16.035927,-70.3,0.00,348.7,14,1,0,3,0,5.58,-44.62,-120.50,-75.88,521.20,953.16,50.2,0
302,570308,0,--:--:--,PAD,13.00,952.51,31.77,530.9,0.00,0.00,69.233635,16.035925,-68.9,0.00,348.7,14,1,0,3,0,5.75,-44.45,-119.10,-74.65,522.20,953.16,50.2,0
303,571308,0,--:--:--,PAD,13.00,952.51,31.77,530.9,0.00,0.00,69.233635,16.035925,-67.8,0.00,348.7,14,1,0,3,0,5.75,-44.45,-118.00,-73.55,523.20,953.16,50.2,0
304,573160,0,--:--:--,PAD,12.99,952.45,31.79,531.5,0.00,0.00,69.233643,16.035921,-63.9,0.00,348.7,14,1,0,4,0,6.29,-43.91,-114.10,-70.19,525.05,953.16,50.2,0
305,574174,0,--:--:--,PAD,12.98,952.45,31.77,531.5,0.00,0.00,69.233650,16.035919,-62.7,0.00,348.7,14,1,0,4,0,6.29,-43.91,-112.90,-68.99,526.06,953.16,50.2,0
306,575174,0,--:--:--,PAD,12.97,952.45,31.77,531.5,0.00,0.00,69.233650,16.035919,-62.7,0.00,348.7,14,1,0,4,0,6.29,-43.91,-112.90,-68.99,527.06,953.16,50.2,0
307,576174,0,--:--:--,PAD,12.97,952.41,31.78,531.8,0.00,0.00,69.233650,16.035919,-61.5,0.00,348.7,14,1,0,4,0,6.64,-43.56,-111.70,-68.14,528.06,953.16,50.2,0
308,577174,0,--:--:--,PAD,12.96,952.39,31.77,532.0,0.00,0.00,69.233658,16.035917,-60.1,0.00,348.7,14,1,0,4,0,6.82,-43.38,-110.30,-66.92,529.06,953.16,50.2,0
309,579011,0,--:--:--,PAD,12.95,952.31,31.78,532.7,0.00,0.00,69.233665,16.035912,-56.6,0.00,348.7,14,1,0,5,0,7.53,-42.67,-106.80,-64.13,530.90,953.16,50.2,0
310,580011,0,--:--:--,PAD,12.94,952.29,31.77,532.9,0.00,0.00,69.233665,16.035912,-56.6,0.00,348.7,14,1,0,5,0,7.70,-42.50,-106.80,-64.30,531.90,953.16,50.2,0
311,581788,0,--:--:--,PAD,12.93,952.23,31.78,533.4,0.00,0.00,69.233673,16.035908,-54.0,0.00,348.7,14,1,0,5,0,8.23,-41.97,-104.20,-62.23,533.68,953.16,50.2,0
312,582844,0,--:--:--,PAD,12.93,952.21,31.79,533.6,0.00,0.00,69.233681,16.035904,-50.4,0.00,348.7,14,1,0,6,0,8.41,-41.79,-100.60,-58.81,534.73,953.16,50.2,0
313,584687,0,--:--:--,PAD,12.92,952.17,31.78,533.9,0.00,0.00,69.233681,16.035900,-49.1,0.00,348.7,14,1,0,6,0,8.77,-41.43,-99.30,-57.87,536.58,953.16,50.2,0
