seq,ts_ms,utc_ts,state,temp1,press1,hum,alt_baro,temp2,press2,lat,lon,alt_gps,speed_ms,heading,gps_sats,gps_fix,mag_x,mag_y,mag_z,accel_x,accel_y,accel_z,gyro_x,gyro_y,gyro_z,gas_res,m4_err,m7_err
1,14312,0,PAD,0.00,0.00,0.00,0.0,0.00,0.00,0.000000,0.000000,0.0,0.00,0.0,0,0,0.00,0.00,0.00,0.000,0.000,0.000,0.00,0.00,0.00,0.0,0,0
2,19928,0,PAD,0.00,0.00,0.00,0.0,0.00,0.00,0.000000,0.000000,0.0,0.00,0.0,0,0,0.00,0.00,0.00,0.000,0.000,0.000,0.00,0.00,0.00,0.0,0,0
3,21834,0,PAD,23.24,975.20,28.13,335.0,0.00,0.00,0.000000,0.000000,0.0,0.00,0.0,0,0,0.00,0.00,0.00,0.000,0.000,0.000,0.00,0.00,0.00,0.0,0,0
4,22834,0,PAD,23.26,975.27,28.13,334.4,0.00,0.00,0.000000,0.000000,0.0,0.00,0.0,0,0,0.00,0.00,0.00,0.000,0.000,0.000,0.00,0.00,0.00,0.0,0,0
5,23834,0,PAD,23.31,975.43,28.13,333.0,0.00,0.00,0.000000,0.000000,0.0,0.00,0.0,0,0,0.00,0.00,0.00,0.000,0.000,0.000,0.00,0.00,0.00,0.0,0,0
6,24834,0,PAD,23.35,975.63,28.12,331.3,0.00,0.00,0.000000,0.000000,0.0,0.00,0.0,0,0,0.00,0.00,0.00,0.000,0.000,0.000,0.00,0.00,0.00,0.0,0,0
7,26631,0,PAD,23.40,975.78,28.13,330.0,0.00,0.00,0.000000,0.000000,0.0,0.00,0.0,0,0,0.00,0.00,0.00,0.000,0.000,0.000,0.00,0.00,0.00,0.0,0,0
8,27631,0,PAD,23.42,975.86,28.14,329.3,0.00,0.00,0.000000,0.000000,0.0,0.00,0.0,0,0,0.00,0.00,0.00,0.000,0.000,0.000,0.00,0.00,0.00,0.0,0,0
9,28631,0,PAD,23.46,975.98,28.14,328.3,0.00,0.00,0.000000,0.000000,0.0,0.00,0.0,0,0,0.00,0.00,0.00,0.000,0.000,0.000,0.00,0.00,0.00,0.0,0,0
10,29631,0,PAD,23.49,976.12,28.13,327.1,0.00,0.00,0.000000,0.000000,0.0,0.00,0.0,0,0,0.00,0.00,0.00,0.000,0.000,0.000,0.00,0.00,0.00,0.0,0,0
11,32140,0,PAD,23.56,976.33,28.14,325.3,0.00,0.00,0.000000,0.000000,0.0,0.00,0.0,0,0,0.00,0.00,0.00,0.000,0.000,0.000,0.00,0.00,0.00,0.0,0,0
12,33140,0,PAD,23.59,976.43,28.13,324.5,0.00,0.00,0.000000,0.000000,0.0,0.00,0.0,0,0,0.00,0.00,0.00,0.000,0.000,0.000,0.00,0.00,0.00,0.0,0,0
13,34140,0,PAD,23.62,976.51,28.14,323.8,0.00,0.00,0.000000,0.000000,0.0,0.00,0.0,0,0,0.00,0.00,0.00,0.000,0.000,0.000,0.00,0.00,0.00,0.0,0,0
14,35140,0,PAD,23.63,976.55,28.14,323.4,0.00,0.00,0.000000,0.000000,0.0,0.00,0.0,0,0,0.00,0.00,0.00,0.000,0.000,0.000,0.00,0.00,0.00,0.0,0,0
15,36533,0,PAD,23.68,976.67,28.16,322.4,0.00,0.00,0.000000,0.000000,0.0,0.00,0.0,0,0,0.00,0.00,0.00,0.000,0.000,0.000,0.00,0.00,0.00,0.0,0,0
16,37533,0,PAD,23.69,976.74,28.14,321.8,0.00,0.00,0.000000,0.000000,0.0,0.00,0.0,0,0,0.00,0.00,0.00,0.000,0.000,0.000,0.00,0.00,0.00,0.0,0,0
17,38533,0,PAD,23.71,976.80,28.15,321.3,0.00,0.00,0.000000,0.000000,0.0,0.00,0.0,0,0,0.00,0.00,0.00,0.000,0.000,0.000,0.00,0.00,0.00,0.0,0,0
18,39533,0,PAD,23.74,976.90,28.16,320.4,0.00,0.00,0.000000,0.000000,0.0,0.00,0.0,0,0,0.00,0.00,0.00,0.000,0.000,0.000,0.00,0.00,0.00,0.0,0,0
19,41599,0,PAD,23.77,976.96,28.15,319.9,0.00,0.00,0.000000,0.000000,0.0,0.00,0.0,0,0,0.00,0.00,0.00,0.000,0.000,0.000,0.00,0.00,0.00,0.0,0,0
20,42749,0,PAD,23.79,977.08,28.16,318.9,0.00,0.00,0.000000,0.000000,0.0,0.00,0.0,0,0,0.00,0.00,0.00,0.000,0.000,0.000,0.00,0.00,0.00,0.0,0,0
21,43749,0,PAD,23.81,977.16,28.16,318.2,0.00,0.00,0.000000,0.000000,0.0,0.00,0.0,0,0,0.00,0.00,0.00,0.000,0.000,0.000,0.00,0.00,0.00,0.0,0,0
22,44770,0,PAD,23.84,977.24,28.17,317.5,0.00,0.00,0.000000,0.000000,0.0,0.00,0.0,0,0,0.00,0.00,0.00,0.000,0.000,0.000,0.00,0.00,0.00,0.0,0,0
23,46544,0,PAD,23.87,977.32,28.17,316.9,0.00,0.00,0.000000,0.000000,0.0,0.00,0.0,0,0,0.00,0.00,0.00,0.000,0.000,0.000,0.00,0.00,0.00,0.0,0,0
24,47594,0,PAD,23.88,977.38,28.17,316.3,0.00,0.00,0.000000,0.000000,0.0,0.00,0.0,0,0,0.00,0.00,0.00,0.000,0.000,0.000,0.00,0.00,0.00,0.0,0,0
25,48594,0,PAD,23.91,977.39,28.17,316.3,0.00,0.00,0.000000,0.000000,0.0,0.00,0.0,0,0,0.00,0.00,0.00,0.000,0.000,0.000,0.00,0.00,0.00,0.0,0,0
26,49594,0,PAD,23.93,977.47,28.17,315.6,0.00,0.00,0.000000,0.000000,0.0,0.00,0.0,0,0,0.00,0.00,0.00,0.000,0.000,0.000,0.00,0.00,0.00,0.0,0,0
27,52306,0,PAD,23.99,977.61,28.18,314.4,0.00,0.00,0.000000,0.000000,0.0,0.00,0.0,0,0,0.00,0.00,0.00,0.000,0.000,0.000,0.00,0.00,0.00,0.0,0,0
28,53306,0,PAD,24.01,977.65,28.18,314.0,0.00,0.00,0.000000,0.000000,0.0,0.00,0.0,0,0,0.00,0.00,0.00,0.000,0.000,0.000,0.00,0.00,0.00,0.0,0,0
29,54306,0,PAD,24.03,977.77,28.18,313.0,0.00,0.00,0.000000,0.000000,0.0,0.00,0.0,0,0,0.00,0.00,0.00,0.000,0.000,0.000,0.00,0.00,0.00,0.0,0,0
30,55306,0,PAD,24.06,977.83,28.17,312.5,0.00,0.00,0.000000,0.000000,0.0,0.00,0.0,0,0,0.00,0.00,0.00,0.000,0.000,0.000,0.00,0.00,0.00,0.0,0,0
31,56704,0,PAD,24.09,977.90,28.20,311.9,0.00,0.00,0.000000,0.000000,0.0,0.00,0.0,0,0,0.00,0.00,0.00,0.000,0.000,0.000,0.00,0.00,0.00,0.0,0,0
32,57704,0,PAD,24.11,977.98,28.20,311.2,0.00,0.00,0.000000,0.000000,0.0,0.00,0.0,0,0,0.00,0.00,0.00,0.000,0.000,0.000,0.00,0.00,0.00,0.0,0,0
33,58704,0,PAD,24.13,978.02,28.19,310.9,0.00,0.00,0.000000,0.000000,0.0,0.00,0.0,0,0,0.00,0.00,0.00,0.000,0.000,0.000,0.00,0.00,0.00,0.0,0,0
34,59704,0,PAD,24.16,978.10,28.20,310.2,0.00,0.00,0.000000,0.000000,0.0,0.00,0.0,0,0,0.00,0.00,0.00,0.000,0.000,0.000,0.00,0.00,0.00,0.0,0,0
35,61673,0,PAD,24.20,978.24,28.19,309.0,0.00,0.00,0.000000,0.000000,0.0,0.00,0.0,0,0,0.00,0.00,0.00,0.000,0.000,0.000,0.00,0.00,0.00,0.0,0,0
36,62867,0,PAD,24.23,978.32,28.21,308.3,0.00,0.00,0.000000,0.000000,0.0,0.00,0.0,0,0,0.00,0.00,0.00,0.000,0.000,0.000,0.00,0.00,0.00,0.0,0,0
37,63867,0,PAD,24.26,978.36,28.21,308.0,0.00,0.00,0.000000,0.000000,0.0,0.00,0.0,0,0,0.00,0.00,0.00,0.000,0.000,0.000,0.00,0.00,0.00,0.0,0,0
38,64867,0,PAD,24.29,978.43,28.22,307.4,0.00,0.00,0.000000,0.000000,0.0,0.00,0.0,0,0,0.00,0.00,0.00,0.000,0.000,0.000,0.00,0.00,0.00,0.0,0,0
39,67196,0,PAD,24.34,978.57,28.20,306.2,0.00,0.00,0.000000,0.000000,0.0,0.00,0.0,0,0,0.00,0.00,0.00,0.000,0.000,0.000,0.00,0.00,0.00,0.0,0,0
40,68196,0,PAD,24.36,978.61,28.22,305.9,0.00,0.00,0.000000,0.000000,0.0,0.00,0.0,0,0,0.00,0.00,0.00,0.000,0.000,0.000,0.00,0.00,0.00,0.0,0,0
41,69196,0,PAD,24.37,978.61,28.22,305.9,0.00,0.00,0.000000,0.000000,0.0,0.00,0.0,0,0,0.00,0.00,0.00,0.000,0.000,0.000,0.00,0.00,0.00,0.0,0,0
42,70196,0,PAD,24.40,978.67,28.22,305.3,0.00,0.00,0.000000,0.000000,0.0,0.00,0.0,0,0,0.00,0.00,0.00,0.000,0.000,0.000,0.00,0.00,0.00,0.0,0,0
43,72480,0,PAD,24.43,978.71,28.23,305.0,0.00,0.00,0.000000,0.000000,0.0,0.00,0.0,0,0,0.00,0.00,0.00,0.000,0.000,0.000,0.00,0.00,0.00,0.0,0,0
44,73480,0,PAD,24.45,978.61,28.24,305.9,0.00,0.00,0.000000,0.000000,0.0,0.00,0.0,0,0,0.00,0.00,0.00,0.000,0.000,0.000,0.00,0.00,0.00,0.0,0,0
45,74480,0,PAD,24.46,978.57,28.23,306.2,0.00,0.00,0.000000,0.000000,0.0,0.00,0.0,0,0,0.00,0.00,0.00,0.000,0.000,0.000,0.00,0.00,0.00,0.0,0,0
46,75480,0,PAD,24.48,978.55,28.23,306.4,0.00,0.00,0.000000,0.000000,0.0,0.00,0.0,0,0,0.00,0.00,0.00,0.000,0.000,0.000,0.00,0.00,0.00,0.0,0,0
47,76877,0,PAD,24.50,978.57,28.23,306.2,0.00,0.00,0.000000,0.000000,0.0,0.00,0.0,0,0,0.00,0.00,0.00,0.000,0.000,0.000,0.00,0.00,0.00,0.0,0,0
48,77877,0,PAD,24.52,978.57,28.24,306.2,0.00,0.00,0.000000,0.000000,0.0,0.00,0.0,0,0,0.00,0.00,0.00,0.000,0.000,0.000,0.00,0.00,0.00,0.0,0,0
49,78877,0,PAD,24.53,978.55,28.23,306.4,0.00,0.00,0.000000,0.000000,0.0,0.00,0.0,0,0,0.00,0.00,0.00,0.000,0.000,0.000,0.00,0.00,0.00,0.0,0,0
50,80139,0,PAD,24.54,978.57,28.24,306.2,0.00,0.00,0.000000,0.000000,0.0,0.00,0.0,0,0,0.00,0.00,0.00,0.000,0.000,0.000,0.00,0.00,0.00,0.0,0,0
51,81974,0,PAD,24.57,978.61,28.25,305.9,0.00,0.00,0.000000,0.000000,0.0,0.00,0.0,0,0,0.00,0.00,0.00,0.000,0.000,0.000,0.00,0.00,0.00,0.0,0,0
52,83015,0,PAD,24.58,978.65,28.25,305.5,0.00,0.00,0.000000,0.000000,0.0,0.00,0.0,0,0,0.00,0.00,0.00,0.000,0.000,0.000,0.00,0.00,0.00,0.0,0,0
53,84015,0,PAD,24.60,978.69,28.24,305.2,0.00,0.00,0.000000,0.000000,0.0,0.00,0.0,0,0,0.00,0.00,0.00,0.000,0.000,0.000,0.00,0.00,0.00,0.0,0,0
54,85015,0,PAD,24.61,978.69,28.26,305.2,0.00,0.00,0.000000,0.000000,0.0,0.00,0.0,0,0,0.00,0.00,0.00,0.000,0.000,0.000,0.00,0.00,0.00,0.0,0,0
55,86888,0,PAD,24.62,978.71,28.25,305.0,0.00,0.00,0.000000,0.000000,0.0,0.00,0.0,0,0,0.00,0.00,0.00,0.000,0.000,0.000,0.00,0.00,0.00,0.0,0,0
56,87888,0,PAD,24.64,978.73,28.25,304.8,0.00,0.00,0.000000,0.000000,0.0,0.00,0.0,0,0,0.00,0.00,0.00,0.000,0.000,0.000,0.00,0.00,0.00,0.0,0,0
57,88888,0,PAD,24.65,978.75,28.25,304.7,0.00,0.00,0.000000,0.000000,0.0,0.00,0.0,0,0,0.00,0.00,0.00,0.000,0.000,0.000,0.00,0.00,0.00,0.0,0,0
58,89888,0,PAD,24.66,978.75,28.25,304.7,0.00,0.00,0.000000,0.000000,0.0,0.00,0.0,0,0,0.00,0.00,0.00,0.000,0.000,0.000,0.00,0.00,0.00,0.0,0,0
59,92254,0,PAD,24.69,978.79,28.26,304.3,0.00,0.00,0.000000,0.000000,0.0,0.00,0.0,0,0,0.00,0.00,0.00,0.000,0.000,0.000,0.00,0.00,0.00,0.0,0,0
60,93254,0,PAD,24.69,978.81,28.26,304.1,0.00,0.00,0.000000,0.000000,0.0,0.00,0.0,0,0,0.00,0.00,0.00,0.000,0.000,0.000,0.00,0.00,0.00,0.0,0,0
61,94254,0,PAD,24.70,978.81,28.27,304.1,0.00,0.00,0.000000,0.000000,0.0,0.00,0.0,0,0,0.00,0.00,0.00,0.000,0.000,0.000,0.00,0.00,0.00,0.0,0,0
62,95545,0,PAD,24.71,978.83,28.27,304.0,0.00,0.00,0.000000,0.000000,0.0,0.00,0.0,0,0,0.00,0.00,0.00,0.000,0.000,0.000,0.00,0.00,0.00,0.0,0,0
63,96991,0,PAD,24.73,978.85,28.26,303.8,0.00,0.00,0.000000,0.000000,0.0,0.00,0.0,0,0,0.00,0.00,0.00,0.000,0.000,0.000,0.00,0.00,0.00,0.0,0,0
64,97991,0,PAD,24.74,978.85,28.27,303.8,0.00,0.00,0.000000,0.000000,0.0,0.00,0.0,0,0,0.00,0.00,0.00,0.000,0.000,0.000,0.00,0.00,0.00,0.0,0,0
65,98991,0,PAD,24.74,978.83,28.26,304.0,0.00,0.00,0.000000,0.000000,0.0,0.00,0.0,0,0,0.00,0.00,0.00,0.000,0.000,0.000,0.00,0.00,0.00,0.0,0,0
66,99991,0,PAD,24.75,978.85,28.27,303.8,0.00,0.00,0.000000,0.000000,0.0,0.00,0.0,0,0,0.00,0.00,0.00,0.000,0.000,0.000,0.00,0.00,0.00,0.0,0,0
67,101989,0,PAD,24.77,978.83,28.28,304.0,0.00,0.00,0.000000,0.000000,0.0,0.00,0.0,0,0,0.00,0.00,0.00,0.000,0.000,0.000,0.00,0.00,0.00,0.0,0,0
68,103167,0,PAD,24.78,978.85,28.27,303.8,0.00,0.00,0.000000,0.000000,0.0,0.00,0.0,0,0,0.00,0.00,0.00,0.000,0.000,0.000,0.00,0.00,0.00,0.0,0,0
69,104167,0,PAD,24.79,978.87,28.28,303.6,0.00,0.00,0.000000,0.000000,0.0,0.00,0.0,0,0,0.00,0.00,0.00,0.000,0.000,0.000,0.00,0.00,0.00,0.0,0,0
